-- ============================================================================
-- DESTINATIONS
-- ============================================================================
INSERT INTO destinations (id, name, address, city, province, postal_code, active, created_at) VALUES (1, 'NuVista Psychedelic - Greenwood', '963 Central Ave', 'Greenwood', 'NS', 'B0P 1N0', true, '2025-08-22 18:21:19.723831+00'::timestamptz),
(2, 'NuVista Psychedelic - New Minas', '21 Roy Avenue Suite 230', 'New Minas', 'NS', 'B4N 3R7', true, '2025-08-22 18:21:19.723831+00'::timestamptz);
SELECT setval('destinations_id_seq', (SELECT MAX(id) FROM destinations));

-- ============================================================================
-- USERS
-- ============================================================================
INSERT INTO users (id, username, email, password_hash, full_name, role, is_active, created_at, updated_at) VALUES (13, '***REMOVED***', '***REMOVED***', 'h0g03jy91f4sy4da7zsjxi:uqy0z7', 'Andrew Newton', 'admin', true, '2025-10-07 21:38:38.239+00'::timestamptz, '2025-11-09 19:09:20.740274+00'::timestamptz),
(23, 'andrew.newton@live.ca', 'andrew.newton@live.ca', '8fq0yunzyiz8f4vto4fd:5u38on', 'booking agent test account', 'booking_agent', true, '2025-10-29 18:08:37.149+00'::timestamptz, '2025-11-08 20:18:48.153786+00'::timestamptz),
(30, 'jamie.sweetland@hotmail.com', 'jamie.sweetland@hotmail.com', 'mvrp8ran7ch5wrakairu4d:-voducd', 'Jamie Sweetland', 'supervisor', true, '2025-11-06 21:33:19.069+00'::timestamptz, '2025-11-07 02:34:27.909626+00'::timestamptz);
SELECT setval('users_id_seq', (SELECT MAX(id) FROM users));

-- ============================================================================
-- DRIVERS
-- ============================================================================
INSERT INTO drivers (id, name, first_name, last_name, email, phone, active, created_at, updated_at) VALUES (11, 'Andrew Newton', 'Andrew', 'Newton', '***REMOVED***', '902-760-0946', true, '2025-02-22 15:54:25.956738+00'::timestamptz, '2025-10-23 16:07:34.318+00'::timestamptz);
SELECT setval('drivers_id_seq', (SELECT MAX(id) FROM drivers));

-- ============================================================================
-- K7807878 (NOT ANONYMIZED)
-- ============================================================================
INSERT INTO clients (knumber, firstname, lastname, phone, email, civicaddress, city, prov, postalcode, notes, emergency_contact_name, emergency_contact_number, driver_gender_requirement, preferred_driver, mapaddress, active, appointment_length, openphone_contact_id, openphone_sync_status, openphone_sync_date, status, clinic_travel_times, secondary_civic_address, secondary_city, secondary_province, secondary_postal_code, secondary_address_notes, created_at) VALUES ('K7807878', 'Andrew', 'Newton', '902-760-0946', '***REMOVED***', '349 Dodge Rd', 'Wilmot', 'NS', 'B0P 1W0', NULL, 'js', '902-111-1111', NULL, NULL, NULL, true, 120, '68dd9321519119f6e00b165c', 'synced', '2025-10-01 20:47:10.723+00'::timestamptz, 'active', '{"NuVista Psychedelic - Greenwood": {"primary": {"distance_km": 9.01, "calculated_at": "2025-11-05T20:11:15.976Z", "duration_minutes": 20}}, "NuVista Psychedelic - New Minas": {"primary": {"distance_km": 49.24, "calculated_at": "2025-11-05T20:11:15.976Z", "duration_minutes": 40}}}', NULL, NULL, NULL, NULL, NULL, '2025-08-27 14:52:13.854661+00'::timestamptz);

-- ============================================================================
-- CLIENTS ANONYMIZED
-- ============================================================================
INSERT INTO clients (knumber, firstname, lastname, phone, email, civicaddress, city, prov, postalcode, notes, emergency_contact_name, emergency_contact_number, driver_gender_requirement, preferred_driver, mapaddress, active, appointment_length, openphone_contact_id, openphone_sync_status, openphone_sync_date, status, clinic_travel_times, secondary_civic_address, secondary_city, secondary_province, secondary_postal_code, secondary_address_notes, created_at) VALUES ('K0000001', 'TestFirstName1', 'TestLastName1', '902-760-0946', 'strugglebusca@gmail.com', '19 Pinecrest Drive', 'Middleton', 'NS', 'B0S 1P0', NULL, 'TestEmergencyContactName1', '902-760-0946', NULL, NULL, NULL, true, 120, '68dd9319519119f6e00b164b', 'synced', '2025-10-01 20:47:09.259+00'::timestamptz, 'active', '{"NuVista Psychedelic - Greenwood": {"primary": {"distance_km": 12.56, "calculated_at": "2025-11-05T20:13:26.922Z", "duration_minutes": 20}}, "NuVista Psychedelic - New Minas": {"primary": {"distance_km": 54.21, "calculated_at": "2025-11-05T20:13:26.922Z", "duration_minutes": 45}}}', NULL, NULL, NULL, NULL, NULL, '2025-06-20 00:20:31.814678+00'::timestamptz),
('K0000002', 'TestFirstName2', 'TestLastName2', '902-760-0946', 'strugglebusca@gmail.com', '14 Nictuax Falls Road', 'Middleton', 'NS', 'B0S 1P0', '', 'TestEmergencyContactName2', '902-760-0946', NULL, NULL, NULL, true, 120, '68dd931b394c1ad2cfe8e4e1', 'synced', '2025-10-01 20:47:09.74+00'::timestamptz, 'active', '{"NuVista Psychedelic - Greenwood": {"primary": {"distance_km": 14.89, "calculated_at": "2025-11-05T20:12:19.610Z", "duration_minutes": 25}}, "NuVista Psychedelic - New Minas": {"primary": {"distance_km": 60.33, "calculated_at": "2025-11-05T20:12:19.610Z", "duration_minutes": 50}}}', NULL, NULL, NULL, NULL, NULL, '2025-06-25 21:52:31.989804+00'::timestamptz),
('K0000003', 'TestFirstName3', 'TestLastName3', '902-760-0946', 'strugglebusca@gmail.com', '31 Greenhouse Rd', 'Nictaux', 'NS', 'B0S 1P0', NULL, 'TestEmergencyContactName3', '902-760-0946', NULL, NULL, NULL, true, 120, '68dd931d2171f8f590479f64', 'synced', '2025-10-01 20:47:10.087+00'::timestamptz, 'active', '{"NuVista Psychedelic - Greenwood": {"primary": {"distance_km": 13.42, "calculated_at": "2025-11-05T20:11:33.881Z", "duration_minutes": 25}}, "NuVista Psychedelic - New Minas": {"primary": {"distance_km": 56.83, "calculated_at": "2025-11-05T20:11:33.881Z", "duration_minutes": 45}}}', NULL, NULL, NULL, NULL, NULL, '2025-08-26 22:35:34.652452+00'::timestamptz),
('K0000004', 'TestFirstName4', 'TestLastName4', '902-760-0946', 'strugglebusca@gmail.com', '4330 Hwy 201', 'Bridgetown', 'NS', 'B0S 1C0', NULL, 'TestEmergencyContactName4', '902-760-0946', NULL, NULL, '4330 NS 201', true, 120, '68dd931e2171f8f590479f69', 'synced', '2025-10-01 20:47:10.228+00'::timestamptz, 'active', '{"NuVista Psychedelic - Greenwood": {"primary": {"distance_km": 38.38, "calculated_at": "2025-11-05T20:11:56.201Z", "duration_minutes": 35}}, "NuVista Psychedelic - New Minas": {"primary": {"distance_km": 76.63, "calculated_at": "2025-11-05T20:11:56.201Z", "duration_minutes": 55}}}', NULL, NULL, NULL, NULL, NULL, '2025-08-26 22:37:59.974571+00'::timestamptz),
('K0000005', 'TestFirstName5', 'TestLastName5', '902-760-0946', 'strugglebusca@gmail.com', '15028 Hwy 1', 'Wilmot', 'NS', 'B0P 1R0', NULL, 'TestEmergencyContactName5', '902-760-0946', NULL, NULL, '15028 NS 1', true, 120, '68dd931f519119f6e00b1650', 'synced', '2025-10-01 20:47:10.398+00'::timestamptz, 'active', '{"NuVista Psychedelic - Greenwood": {"primary": {"distance_km": 5.81, "calculated_at": "2025-11-08T21:10:53.295Z", "duration_minutes": 15}, "secondary": {"distance_km": 24.53, "calculated_at": "2025-11-08T21:10:53.295Z", "duration_minutes": 30}}, "NuVista Psychedelic - New Minas": {"primary": {"distance_km": 45.89, "calculated_at": "2025-11-08T21:10:53.295Z", "duration_minutes": 40}, "secondary": {"distance_km": 71.71, "calculated_at": "2025-11-08T21:10:53.295Z", "duration_minutes": 55}}}', 'Crisp Road', 'Lawrencetown', 'NS', 'B0S 1M0', 'Cabin (no civic address)', '2025-08-26 22:40:36.227224+00'::timestamptz),
('K0000006', 'TestFirstName6', 'TestLastName6', '902-760-0946', 'strugglebusca@gmail.com', '35 Victoria St', 'Middleton', 'NS', 'B0S 1P0', NULL, 'TestEmergencyContactName6', '902-760-0946', NULL, NULL, NULL, true, 120, '68dd9320519119f6e00b1655', 'synced', '2025-10-01 20:47:10.538+00'::timestamptz, 'active', '{"NuVista Psychedelic - Greenwood": {"primary": {"distance_km": 13.98, "calculated_at": "2025-11-05T20:13:10.426Z", "duration_minutes": 25}}, "NuVista Psychedelic - New Minas": {"primary": {"distance_km": 56.98, "calculated_at": "2025-11-05T20:13:10.426Z", "duration_minutes": 45}}}', NULL, NULL, NULL, NULL, NULL, '2025-08-26 22:42:24.814696+00'::timestamptz),
('K0000007', 'TestFirstName7', 'TestLastName7', '902-760-0946', 'strugglebusca@gmail.com', '2203 Hwy 1', 'Auburn', 'NS', 'B0P 1A0', NULL, 'TestEmergencyContactName7', '902-760-0946', NULL, NULL, NULL, true, 120, '68dd9323519119f6e00b1666', 'synced', '2025-10-01 20:47:11.119+00'::timestamptz, 'active', '{"NuVista Psychedelic - Greenwood": {"primary": {"distance_km": 10.77, "calculated_at": "2025-11-05T20:14:01.504Z", "duration_minutes": 20}}, "NuVista Psychedelic - New Minas": {"primary": {"distance_km": 36.06, "calculated_at": "2025-11-05T20:14:01.504Z", "duration_minutes": 30}}}', NULL, NULL, NULL, NULL, NULL, '2025-09-05 17:43:36.323503+00'::timestamptz),
('K0000008', 'TestFirstName8', 'TestLastName8', '902-760-0946', 'strugglebusca@gmail.com', '1276 Ben Phinney Rd', 'Margaretsville', 'NS', 'B0S 1N0', NULL, 'TestEmergencyContactName8', '902-760-0946', NULL, NULL, NULL, true, 120, NULL, 'pending', NULL, 'active', '{"NuVista Psychedelic - Greenwood": {"primary": {"distance_km": 15.26, "calculated_at": "2025-11-05T20:12:31.735Z", "duration_minutes": 25}}, "NuVista Psychedelic - New Minas": {"primary": {"distance_km": 52.87, "calculated_at": "2025-11-05T20:12:31.735Z", "duration_minutes": 45}}}', NULL, NULL, NULL, NULL, NULL, '2025-10-09 00:29:41.605658+00'::timestamptz),
('K0000009', 'TestFirstName9', 'TestLastName9', '902-760-0946', 'strugglebusca@gmail.com', '1662 Hwy 201', 'South Greenwood', 'NS', 'B0P 1R0', NULL, 'TestEmergencyContactName9', '902-760-0946', NULL, NULL, NULL, true, 90, NULL, 'pending', NULL, 'active', '{"NuVista Psychedelic - Greenwood": {"primary": {"distance_km": 2.13, "calculated_at": "2025-11-05T20:13:36.864Z", "duration_minutes": 10}}, "NuVista Psychedelic - New Minas": {"primary": {"distance_km": 45.18, "calculated_at": "2025-11-05T20:13:36.864Z", "duration_minutes": 40}}}', NULL, NULL, NULL, NULL, NULL, '2025-11-02 23:26:08.144031+00'::timestamptz),
('K0000010', 'TestFirstName10', 'TestLastName10', '902-760-0946', 'strugglebusca@gmail.com', '349 Dodge Road', 'Wilmot', 'NS', 'B0P 1W0', NULL, 'TestEmergencyContactName10', '902-760-0946', NULL, NULL, NULL, true, 120, NULL, 'pending', NULL, 'active', '{"NuVista Psychedelic - Greenwood": {"primary": {"distance_km": 9.01, "calculated_at": "2025-11-06T03:12:53.390Z", "duration_minutes": 20}}, "NuVista Psychedelic - New Minas": {"primary": {"distance_km": 49.24, "calculated_at": "2025-11-06T03:12:53.390Z", "duration_minutes": 40}}}', NULL, NULL, 'NS', NULL, NULL, '2025-11-06 03:08:11.620694+00'::timestamptz),
('K0000011', 'TestFirstName11', 'TestLastName11', '902-760-0946', 'strugglebusca@gmail.com', '1008 Mill Road', 'New Ross', 'NS', 'B0J 2M0', NULL, 'TestEmergencyContactName11', '902-760-0946', NULL, NULL, NULL, true, 90, NULL, 'pending', NULL, 'active', '{"NuVista Psychedelic - Greenwood": {"primary": {"distance_km": 73.01, "calculated_at": "2025-11-07T15:49:17.784Z", "duration_minutes": 65}}, "NuVista Psychedelic - New Minas": {"primary": {"distance_km": 50.77, "calculated_at": "2025-11-07T15:49:17.784Z", "duration_minutes": 45}}}', NULL, NULL, NULL, NULL, NULL, '2025-11-07 15:49:16.908537+00'::timestamptz);

-- ============================================================================
-- APPOINTMENTS
-- ============================================================================
INSERT INTO appointments (knumber, appointmenttime, pickuptime, locationname, locationaddress, notes, transittime, appointmentstatus, custom_rate, maptraveltime, google_maps_success, google_maps_error, is_existing, driver_assigned, driver_email, driver_calendar_event_id, client_notification_sent, driver_notification_sent, reminder_sent_client, reminder_sent_driver, notification_status, scheduling_notes, preferred_driver, tripdistance, clinic_id, this_appointment_length, google_calendar_last_synced, google_calendar_sync_error, "appointmentStatusUpdated", "dropOffTime", reminder_1h_sent_at, reminder_1h_error, driver_first_name, operation_status, invoice_status, deleted_at, cancelled_at, driver_paid_at, booking_agent_paid_at, invoice_created_at, invoice_sent_at, payment_received_at, cancelled_by, cancellation_reason, deleted_by, pickup_address, managed_by, managed_by_name, driver_instructions, created_at) VALUES ('K0000006', '2025-10-09 21:00:00+00'::timestamptz, '2025-10-09 20:35:00+00'::timestamptz, 'NuVista Psychedelic - Greenwood', '963 Central Ave, Greenwood, NS B0P 1N0', NULL, 25, 'completed', NULL, 17, true, NULL, false, 16, NULL, 'jkqfvkkh2t7040mh415mnu7m54', false, false, true, false, '{}', NULL, NULL, NULL, 1, 120, '2025-10-09 00:36:46.734+00'::timestamptz, NULL, '2025-10-07 20:17:57.55+00'::timestamptz, '2025-10-09 23:25:00+00'::timestamptz, '2025-10-09 19:30:01.879+00'::timestamptz, NULL, NULL, 'completed', 'not_ready', NULL, NULL, NULL, NULL, NULL, NULL, NULL, NULL, NULL, NULL, '35 Victoria St, Middleton, NS, B0S 1P0', 13, 'Andrew Newton', NULL, '2025-09-20 18:44:57.476378+00'::timestamptz),
('K0000005', '2025-10-10 12:00:00+00'::timestamptz, '2025-10-10 11:45:00+00'::timestamptz, 'NuVista Psychedelic - Greenwood', '963 Central Ave, Greenwood, NS B0P 1N0', NULL, 15, 'completed', NULL, 8, true, NULL, false, 16, NULL, '2n42d5cevpij3vnqtfl9ouh9hk', false, false, false, false, '{}', NULL, NULL, 11528, 1, 120, '2025-10-09 00:36:46.735+00'::timestamptz, NULL, '2025-10-07 20:17:57.939+00'::timestamptz, '2025-10-10 14:15:00+00'::timestamptz, NULL, NULL, NULL, 'completed', 'not_ready', NULL, NULL, NULL, NULL, NULL, NULL, NULL, NULL, NULL, NULL, '15028 Hwy 1, Wilmot, NS, B0P 1R0', 13, 'Andrew Newton', NULL, '2025-09-04 14:37:52.944103+00'::timestamptz),
('K0000001', '2025-10-10 13:00:00+00'::timestamptz, '2025-10-10 12:40:00+00'::timestamptz, 'NuVista Psychedelic - Greenwood', '963 Central Ave, Greenwood, NS', NULL, 20, 'completed', NULL, 15, true, NULL, false, 16, NULL, 'lfor8kuiggoba6okec0rp3nipc', false, false, false, false, '{}', NULL, NULL, NULL, 1, 120, '2025-10-09 00:36:46.736+00'::timestamptz, NULL, '2025-10-09 00:20:59.298+00'::timestamptz, '2025-10-10 15:20:00+00'::timestamptz, NULL, NULL, NULL, 'completed', 'not_ready', NULL, NULL, NULL, NULL, NULL, NULL, NULL, NULL, NULL, NULL, '19 Pinecrest Drive, Middleton, NS, B0S 1P0', 13, 'Andrew Newton', NULL, '2025-09-20 19:08:01.974734+00'::timestamptz),
('K0000007', '2025-10-10 16:00:00+00'::timestamptz, '2025-10-10 15:40:00+00'::timestamptz, 'NuVista Psychedelic - Greenwood', '963 Central Ave, Greenwood, NS B0P 1N0', NULL, 20, 'completed', NULL, 11, true, NULL, false, 17, NULL, '8a9ms5pgaj7406l5bbc5vv2gq4', false, false, true, false, '{}', NULL, NULL, NULL, 1, 120, '2025-10-05 23:09:21.637+00'::timestamptz, NULL, '2025-10-07 20:17:58.737+00'::timestamptz, '2025-10-10 18:20:00+00'::timestamptz, '2025-10-10 14:35:02.384+00'::timestamptz, NULL, NULL, 'completed', 'not_ready', NULL, NULL, NULL, NULL, NULL, NULL, NULL, NULL, NULL, NULL, '2203 Hwy 1, Auburn, NS, B0P 1A0', 13, 'Andrew Newton', NULL, '2025-09-09 22:51:12.147614+00'::timestamptz),
('K0000003', '2025-10-15 12:00:00+00'::timestamptz, '2025-10-15 11:40:00+00'::timestamptz, 'NuVista Psychedelic - Greenwood', '963 Central Ave, Greenwood, NS', NULL, 20, 'completed', NULL, 15, true, NULL, false, 16, NULL, 'to3nvnpqcs9a9op4vmqqrs9628', false, false, true, false, '{}', NULL, NULL, 26754, 1, 120, '2025-10-13 19:58:50.723+00'::timestamptz, NULL, '2025-10-13 19:58:07.082+00'::timestamptz, '2025-10-15 14:20:00+00'::timestamptz, '2025-10-15 11:00:03.273+00'::timestamptz, NULL, NULL, 'completed', 'not_ready', NULL, NULL, NULL, NULL, NULL, NULL, NULL, NULL, NULL, NULL, '31 Greenhouse Rd, Nictaux, NS, B0S 1P0', 13, 'Andrew Newton', NULL, '2025-08-27 22:09:10.058568+00'::timestamptz),
('K0000006', '2025-10-16 21:00:00+00'::timestamptz, '2025-10-16 20:35:00+00'::timestamptz, 'NuVista Psychedelic - Greenwood', '963 Central Ave, Greenwood, NS', NULL, 25, 'completed', NULL, 17, true, NULL, false, 16, NULL, 'q2j8haosaefvjjh391akphanp8', false, false, true, false, '{}', NULL, NULL, NULL, 1, 120, '2025-10-16 15:59:30.044+00'::timestamptz, NULL, '2025-10-17 15:14:03.529+00'::timestamptz, '2025-10-16 23:25:00+00'::timestamptz, '2025-10-16 19:30:02.602+00'::timestamptz, NULL, NULL, 'completed', 'not_ready', NULL, NULL, NULL, NULL, NULL, NULL, NULL, NULL, NULL, NULL, '35 Victoria St, Middleton, NS, B0S 1P0', 13, 'Andrew Newton', NULL, '2025-09-20 18:44:57.476378+00'::timestamptz),
('K0000005', '2025-10-17 12:00:00+00'::timestamptz, '2025-10-17 11:45:00+00'::timestamptz, 'NuVista Psychedelic - Greenwood', '963 Central Ave, Greenwood, NS', NULL, 15, 'completed', NULL, 8, true, NULL, false, 16, NULL, 'htonafpffvoncm49r8omnf06ac', false, false, true, false, '{}', NULL, NULL, 11528, 1, 120, '2025-10-16 15:59:30.045+00'::timestamptz, NULL, '2025-10-17 15:14:07.279+00'::timestamptz, '2025-10-17 14:15:00+00'::timestamptz, '2025-10-17 10:40:01.69+00'::timestamptz, NULL, NULL, 'completed', 'not_ready', NULL, NULL, NULL, NULL, NULL, NULL, NULL, NULL, NULL, NULL, '15028 Hwy 1, Wilmot, NS, B0P 1R0', 13, 'Andrew Newton', NULL, '2025-09-04 14:37:52.944103+00'::timestamptz),
('K0000001', '2025-10-17 13:00:00+00'::timestamptz, '2025-10-17 12:40:00+00'::timestamptz, 'NuVista Psychedelic - Greenwood', '963 Central Ave, Greenwood, NS', NULL, 20, 'completed', NULL, 15, true, NULL, false, 17, NULL, 'bee4ce153thlbctqhnrlk51vdc', false, false, true, false, '{}', NULL, NULL, NULL, 1, 120, '2025-10-16 15:59:19.577+00'::timestamptz, NULL, '2025-10-17 15:14:11.022+00'::timestamptz, '2025-10-17 15:20:00+00'::timestamptz, '2025-10-17 11:35:01.906+00'::timestamptz, NULL, NULL, 'completed', 'not_ready', NULL, NULL, NULL, NULL, NULL, NULL, NULL, NULL, NULL, NULL, '19 Pinecrest Drive, Middleton, NS, B0S 1P0', 13, 'Andrew Newton', NULL, '2025-10-09 00:22:18.511375+00'::timestamptz),
('K0000002', '2025-10-17 13:30:00+00'::timestamptz, '2025-10-17 13:05:00+00'::timestamptz, 'NuVista Psychedelic - Greenwood', '963 Central Ave, Greenwood, NS', NULL, 25, 'completed', NULL, 16, true, NULL, false, 16, NULL, 'iqkbombfn7v9j280gs8mhucclk', false, false, true, false, '{}', NULL, NULL, NULL, 1, 120, '2025-10-17 13:57:39.612+00'::timestamptz, NULL, '2025-10-17 15:14:13.664+00'::timestamptz, '2025-10-17 15:55:00+00'::timestamptz, '2025-10-17 12:00:01.815+00'::timestamptz, NULL, NULL, 'completed', 'not_ready', NULL, NULL, NULL, NULL, NULL, NULL, NULL, NULL, NULL, NULL, '14 Nictuax Falls Road, Middleton, NS, B0S 1P0', 13, 'Andrew Newton', NULL, '2025-10-13 18:17:48.395855+00'::timestamptz),
('K0000007', '2025-10-17 16:00:00+00'::timestamptz, '2025-10-17 15:40:00+00'::timestamptz, 'NuVista Psychedelic - Greenwood', '963 Central Ave, Greenwood, NS', NULL, 20, 'completed', NULL, 11, true, NULL, false, 16, NULL, '69pu6jufq0muumg007nl237b70', false, false, true, false, '{}', NULL, NULL, NULL, 1, 120, '2025-10-17 15:14:19.576+00'::timestamptz, NULL, '2025-10-17 15:14:17.288+00'::timestamptz, '2025-10-17 18:20:00+00'::timestamptz, '2025-10-17 14:35:01.978+00'::timestamptz, NULL, NULL, 'completed', 'not_ready', NULL, NULL, NULL, NULL, NULL, NULL, NULL, NULL, NULL, NULL, '2203 Hwy 1, Auburn, NS, B0P 1A0', 13, 'Andrew Newton', NULL, '2025-09-05 17:48:39.064661+00'::timestamptz),
('K0000002', '2025-10-20 16:00:00+00'::timestamptz, '2025-10-20 15:35:00+00'::timestamptz, 'NuVista Psychedelic - Greenwood', '963 Central Ave, Greenwood, NS B0P 1N0', NULL, 25, 'completed', NULL, 16, true, NULL, false, 16, NULL, '3n7hq640135ham6s598ht7qhsg', false, false, true, false, '{}', NULL, NULL, NULL, 1, 120, '2025-10-17 23:57:07.731+00'::timestamptz, NULL, '2025-10-17 23:56:38.842+00'::timestamptz, '2025-10-20 18:25:00+00'::timestamptz, '2025-10-20 14:30:02.214+00'::timestamptz, NULL, NULL, 'completed', 'not_ready', NULL, NULL, NULL, NULL, NULL, NULL, NULL, NULL, NULL, NULL, '14 Nictuax Falls Road, Middleton, NS, B0S 1P0', 13, 'Andrew Newton', NULL, '2025-10-13 18:22:18.159226+00'::timestamptz),
('K0000004', '2025-10-20 16:30:00+00'::timestamptz, '2025-10-20 15:55:00+00'::timestamptz, 'NuVista Psychedelic - Greenwood', '963 Central Ave, Greenwood, NS B0P 1N0', NULL, 35, 'completed', NULL, 30, true, NULL, false, 17, NULL, 'j3md9j7l5hr7040otb8mjn0bf8', false, false, true, false, '{}', NULL, NULL, NULL, 1, 120, '2025-10-17 23:57:05.24+00'::timestamptz, NULL, '2025-10-17 23:56:41.711+00'::timestamptz, '2025-10-20 19:05:00+00'::timestamptz, '2025-10-20 14:50:02.333+00'::timestamptz, NULL, NULL, 'completed', 'not_ready', NULL, NULL, NULL, NULL, NULL, NULL, NULL, NULL, NULL, NULL, '4330 Hwy 201, Bridgetown, NS, B0S 1C0', 13, 'Andrew Newton', NULL, '2025-10-17 23:43:51.193782+00'::timestamptz),
('K0000008', '2025-10-21 18:00:00+00'::timestamptz, '2025-10-21 17:35:00+00'::timestamptz, 'NuVista Psychedelic - Greenwood', '963 Central Ave, Greenwood, NS', NULL, 25, 'completed', NULL, 18, true, NULL, false, 16, NULL, 'i3qktm68qnr102bfur7vvv4pr0', false, false, true, false, '{}', NULL, NULL, NULL, 1, 120, '2025-10-17 23:57:07.73+00'::timestamptz, NULL, '2025-10-17 23:56:43.759+00'::timestamptz, '2025-10-21 20:25:00+00'::timestamptz, '2025-10-21 16:30:02.41+00'::timestamptz, NULL, NULL, 'completed', 'not_ready', NULL, NULL, NULL, NULL, NULL, NULL, NULL, NULL, NULL, NULL, '1276 Ben Phinney Rd, Margaretsville, NS, B0S 1N0', 13, 'Andrew Newton', NULL, '2025-10-09 00:31:52.009801+00'::timestamptz),
('K0000003', '2025-10-22 12:30:00+00'::timestamptz, '2025-10-22 12:05:00+00'::timestamptz, 'NuVista Psychedelic - Greenwood', '963 Central Ave, Greenwood, NS B0P 1N0', NULL, 25, 'completed', NULL, 16, true, NULL, false, 16, NULL, '431cf2jc6sckq6nlm3h32p3dm8', false, false, true, false, '{}', NULL, NULL, NULL, 1, 120, '2025-10-17 23:57:07.73+00'::timestamptz, NULL, '2025-10-17 23:56:47.587+00'::timestamptz, '2025-10-22 14:55:00+00'::timestamptz, '2025-10-22 11:00:02.235+00'::timestamptz, NULL, NULL, 'completed', 'not_ready', NULL, NULL, NULL, NULL, NULL, NULL, NULL, NULL, NULL, NULL, '31 Greenhouse Rd, Nictaux, NS, B0S 1P0', 13, 'Andrew Newton', NULL, '2025-10-17 23:47:10.757409+00'::timestamptz),
('K0000001', '2025-10-22 13:00:00+00'::timestamptz, '2025-10-22 12:40:00+00'::timestamptz, 'NuVista Psychedelic - Greenwood', '963 Central Ave, Greenwood, NS B0P 1N0', NULL, 20, 'completed', NULL, 15, true, NULL, false, 17, NULL, '43p92cva00rhselu22pj6l2l0k', false, false, true, false, '{}', NULL, NULL, NULL, 1, 120, '2025-10-17 23:57:05.24+00'::timestamptz, NULL, '2025-10-17 23:56:51.637+00'::timestamptz, '2025-10-22 15:20:00+00'::timestamptz, '2025-10-22 11:35:02.351+00'::timestamptz, NULL, NULL, 'completed', 'not_ready', NULL, NULL, NULL, NULL, NULL, NULL, NULL, NULL, NULL, NULL, '19 Pinecrest Drive, Middleton, NS, B0S 1P0', 13, 'Andrew Newton', NULL, '2025-10-17 23:53:45.092093+00'::timestamptz),
('K0000006', '2025-10-22 20:00:00+00'::timestamptz, '2025-10-22 19:35:00+00'::timestamptz, 'NuVista Psychedelic - Greenwood', '963 Central Ave, Greenwood, NS', NULL, 25, 'completed', NULL, 17, true, NULL, false, 16, NULL, '7ji5q7bmrp06mj4ui50bmlin1k', false, false, true, false, '{}', NULL, NULL, NULL, 1, 120, '2025-10-17 23:57:07.731+00'::timestamptz, NULL, '2025-10-17 23:56:59.059+00'::timestamptz, '2025-10-22 22:25:00+00'::timestamptz, '2025-10-22 18:30:01.704+00'::timestamptz, NULL, NULL, 'completed', 'not_ready', NULL, NULL, NULL, NULL, NULL, NULL, NULL, NULL, NULL, NULL, '35 Victoria St, Middleton, NS, B0S 1P0', 13, 'Andrew Newton', NULL, '2025-09-20 18:44:57.476378+00'::timestamptz),
('K0000007', '2025-10-24 16:00:00+00'::timestamptz, '2025-10-24 15:40:00+00'::timestamptz, ' NuVista Psychedelic - Greenwood', '963 Central Ave, Greenwood, NS', NULL, 20, 'completed', NULL, 11, true, NULL, false, 16, NULL, 'j39n25l66hdicmpk3gh4lhc2pk', false, false, true, false, '{}', NULL, NULL, NULL, 1, 120, '2025-10-23 15:52:10.646+00'::timestamptz, NULL, '2025-10-17 23:57:06.09+00'::timestamptz, '2025-10-24 18:20:00+00'::timestamptz, '2025-10-24 14:35:02.209+00'::timestamptz, NULL, NULL, 'completed', 'not_ready', NULL, NULL, NULL, NULL, NULL, NULL, NULL, NULL, NULL, NULL, '2203 Hwy 1, Auburn, NS, B0P 1A0', 13, 'Andrew Newton', NULL, '2025-09-09 22:51:12.147614+00'::timestamptz),
('K0000003', '2025-10-29 12:00:00+00'::timestamptz, '2025-10-29 11:40:00+00'::timestamptz, 'NuVista Psychedelic - Greenwood', '963 Central Ave, Greenwood, NS B0P 1N0', NULL, 20, 'completed', NULL, 15, true, NULL, false, 16, NULL, 'l9koginngnatbcthlgirigqois', false, false, false, false, '{}', NULL, NULL, 26754, 1, 120, '2025-10-27 00:46:17.555+00'::timestamptz, NULL, '2025-10-27 00:45:59.497+00'::timestamptz, '2025-10-29 14:20:00+00'::timestamptz, NULL, NULL, 'Shae', 'completed', 'not_ready', NULL, NULL, NULL, NULL, NULL, NULL, NULL, NULL, NULL, NULL, '31 Greenhouse Rd, Nictaux, NS, B0S 1P0', 13, 'Andrew Newton', NULL, '2025-08-27 22:09:10.058568+00'::timestamptz),
('K0000001', '2025-10-29 13:00:00+00'::timestamptz, '2025-10-29 12:40:00+00'::timestamptz, 'NuVista Psychedelic - Greenwood', '963 Central Ave, Greenwood, NS B0P 1N0', NULL, 20, 'completed', NULL, 15, true, NULL, false, 16, NULL, 'cq3kitr3co63j4g3lj5u03e9ro', false, false, false, false, '{}', NULL, NULL, NULL, 1, 120, '2025-10-27 00:46:17.555+00'::timestamptz, NULL, '2025-10-27 00:46:03.314+00'::timestamptz, '2025-10-29 15:20:00+00'::timestamptz, NULL, NULL, 'Shae', 'completed', 'not_ready', NULL, NULL, NULL, NULL, NULL, NULL, NULL, NULL, NULL, NULL, '19 Pinecrest Drive, Middleton, NS, B0S 1P0', 13, 'Andrew Newton', NULL, '2025-10-17 23:53:45.092093+00'::timestamptz),
('K0000002', '2025-10-29 16:00:00+00'::timestamptz, '2025-10-29 15:35:00+00'::timestamptz, 'NuVista Psychedelic - Greenwood', '963 Central Ave, Greenwood, NS B0P 1N0', NULL, 25, 'completed', NULL, 16, true, NULL, false, 16, NULL, 'ejkns7sl1q8tf5ra7a7b9h1vds', false, false, false, false, '{}', NULL, NULL, NULL, 1, 120, '2025-10-27 00:46:17.556+00'::timestamptz, NULL, '2025-10-27 00:46:07.829+00'::timestamptz, '2025-10-29 18:25:00+00'::timestamptz, NULL, NULL, 'Shae', 'completed', 'not_ready', NULL, NULL, NULL, NULL, NULL, NULL, NULL, NULL, NULL, NULL, '14 Nictuax Falls Road, Middleton, NS, B0S 1P0', 13, 'Andrew Newton', NULL, '2025-10-13 18:22:18.159226+00'::timestamptz),
('K0000005', '2025-10-29 16:30:00+00'::timestamptz, '2025-10-29 16:15:00+00'::timestamptz, 'NuVista Psychedelic - Greenwood', '963 Central Ave, Greenwood, NS B0P 1N0', NULL, 15, 'completed', NULL, 9, true, NULL, false, 17, NULL, 'u7t8fa297vl8f7n7fh7mvk3h9c', false, false, false, false, '{}', NULL, NULL, NULL, 1, 120, '2025-10-27 00:46:15.035+00'::timestamptz, NULL, '2025-10-27 00:46:10.798+00'::timestamptz, '2025-10-29 18:45:00+00'::timestamptz, NULL, NULL, 'Ro', 'completed', 'not_ready', NULL, NULL, NULL, NULL, NULL, NULL, NULL, NULL, NULL, NULL, '15028 Hwy 1, Wilmot, NS, B0P 1R0', 13, 'Andrew Newton', NULL, '2025-10-24 16:52:16.044568+00'::timestamptz),
('K0000009', '2025-10-30 13:30:00+00'::timestamptz, '2025-10-30 13:20:00+00'::timestamptz, 'NuVista Psychedelic - Greenwood', '963 Central Ave, Greenwood, NS B0P 1N0', '', 10, 'completed', NULL, NULL, true, NULL, false, 16, NULL, 'v1jchqm1fj4j3dspc3p94u7olg', false, false, false, false, '{}', '10:30 AM appointment at NuVista Psychedelic - Greenwood', NULL, NULL, 1, 120, '2025-11-07 16:17:14.83+00'::timestamptz, NULL, NULL, '2025-10-30 15:40:00+00'::timestamptz, NULL, NULL, 'Shae', 'completed', 'not_ready', NULL, NULL, NULL, NULL, NULL, NULL, NULL, NULL, NULL, NULL, '1662 Hwy 201, South Greenwood, NS, B0P 1R0', 23, NULL, NULL, '2025-11-07 15:56:23.077305+00'::timestamptz),
('K0000006', '2025-10-30 21:00:00+00'::timestamptz, '2025-10-30 20:35:00+00'::timestamptz, 'NuVista Psychedelic - Greenwood', '963 Central Ave, Greenwood, NS B0P 1N0', NULL, 25, 'completed', NULL, 17, true, NULL, false, 19, NULL, 'fstf1kq7cihgs0jc8p3vjfseuc', false, false, false, false, '{}', NULL, NULL, NULL, 1, 120, '2025-10-28 14:15:22.393+00'::timestamptz, NULL, '2025-10-28 14:15:20.952+00'::timestamptz, '2025-10-30 23:25:00+00'::timestamptz, NULL, NULL, NULL, 'completed', 'not_ready', NULL, NULL, NULL, NULL, NULL, NULL, NULL, NULL, NULL, NULL, '35 Victoria St, Middleton, NS, B0S 1P0', 13, 'Andrew Newton', NULL, '2025-10-24 16:54:03.372316+00'::timestamptz),
('K0000007', '2025-10-31 16:00:00+00'::timestamptz, '2025-10-31 15:40:00+00'::timestamptz, 'NuVista Psychedelic - Greenwood', '963 Central Ave, Greenwood, NS B0P 1N0', NULL, 20, 'completed', NULL, 11, true, NULL, false, 17, NULL, 'd71p050app4bh801ac1ehkglf0', false, false, false, false, '{}', NULL, NULL, NULL, 1, 120, '2025-10-27 00:46:15.036+00'::timestamptz, NULL, '2025-10-27 00:46:13.386+00'::timestamptz, '2025-10-31 18:20:00+00'::timestamptz, NULL, NULL, 'Ro', 'completed', 'not_ready', NULL, NULL, NULL, NULL, NULL, NULL, NULL, NULL, NULL, NULL, '2203 Hwy 1, Auburn, NS, B0P 1A0', 13, 'Andrew Newton', NULL, '2025-09-05 17:48:39.064661+00'::timestamptz),
('K0000002', '2025-10-31 17:00:00+00'::timestamptz, '2025-10-31 16:35:00+00'::timestamptz, 'NuVista Psychedelic - Greenwood', '963 Central Ave, Greenwood, NS B0P 1N0', NULL, 25, 'completed', NULL, 16, true, NULL, false, 16, NULL, 'qfsfu9bmbl9mrnr7hetuaaj96s', false, false, false, false, '{}', NULL, NULL, NULL, 1, 120, '2025-10-27 00:46:17.556+00'::timestamptz, NULL, '2025-10-27 00:46:15.739+00'::timestamptz, '2025-10-31 19:25:00+00'::timestamptz, NULL, NULL, 'Shae', 'completed', 'not_ready', NULL, NULL, NULL, NULL, NULL, NULL, NULL, NULL, NULL, NULL, '14 Nictuax Falls Road, Middleton, NS, B0S 1P0', 13, 'Andrew Newton', NULL, '2025-10-24 16:53:24.246425+00'::timestamptz),
('K0000011', '2025-11-03 14:00:00+00'::timestamptz, '2025-11-03 13:15:00+00'::timestamptz, 'NuVista Psychedelic - New Minas', '21 Roy Avenue Suite 230, New Minas, NS B4N 3R7', '', 45, 'completed', NULL, NULL, true, NULL, false, 16, NULL, '04gmsrh4pmr0u30nu5117blsgs', false, false, false, false, '{}', '10:00 AM appointment at NuVista Psychedelic - New Minas', NULL, NULL, 2, 90, '2025-11-08 23:44:03.666+00'::timestamptz, NULL, NULL, '2025-11-03 16:15:00+00'::timestamptz, NULL, NULL, 'Shae', 'completed', 'not_ready', NULL, NULL, NULL, NULL, NULL, NULL, NULL, NULL, NULL, NULL, '1008 Mill Road, New Ross, NS, B0J 2M0', 23, 'booking agent test account', NULL, '2025-11-07 16:29:54.128176+00'::timestamptz),
('K0000009', '2025-11-03 14:00:00+00'::timestamptz, '2025-11-03 13:50:00+00'::timestamptz, 'NuVista Psychedelic - Greenwood', '963 Central Ave, Greenwood, NS B0P 1N0', '', 10, 'completed', NULL, NULL, true, NULL, false, 17, NULL, 'dvf8uf0lge8asu9o6ierfkvv60', false, false, false, false, '{}', '10:00 AM appointment at NuVista Psychedelic - Greenwood', NULL, NULL, 1, 90, '2025-11-08 21:02:43.381+00'::timestamptz, NULL, NULL, '2025-11-03 15:40:00+00'::timestamptz, NULL, NULL, 'Ro', 'completed', 'not_ready', NULL, NULL, NULL, NULL, NULL, NULL, NULL, NULL, NULL, NULL, '1662 Hwy 201, South Greenwood, NS, B0P 1R0', 31, 'Komal Gupta', NULL, '2025-11-07 17:32:13.923531+00'::timestamptz),
('K0000004', '2025-11-03 17:30:00+00'::timestamptz, '2025-11-03 16:55:00+00'::timestamptz, 'NuVista Psychedelic - Greenwood', '963 Central Ave, Greenwood, NS B0P 1N0', NULL, 35, 'completed', NULL, 30, true, NULL, false, 17, NULL, 'gndsbdsf0tkannntgeprp4gsf0', false, false, false, false, '{}', NULL, NULL, NULL, 1, 120, '2025-10-27 00:46:15.036+00'::timestamptz, NULL, '2025-10-23 15:39:30.844+00'::timestamptz, '2025-11-03 20:05:00+00'::timestamptz, NULL, NULL, 'Ro', 'completed', 'not_ready', NULL, NULL, NULL, NULL, NULL, NULL, NULL, NULL, NULL, NULL, '4330 Hwy 201, Bridgetown, NS, B0S 1C0', 13, 'Andrew Newton', NULL, '2025-10-17 23:43:51.193782+00'::timestamptz),
('K0000008', '2025-11-04 18:30:00+00'::timestamptz, '2025-11-04 18:05:00+00'::timestamptz, 'NuVista Psychedelic - Greenwood', '963 Central Ave, Greenwood, NS B0P 1N0', NULL, 25, 'cancelled', NULL, 18, true, NULL, false, 16, NULL, 'psk3ra987rn5k4p3i78dv0g8m4', false, false, false, false, '{}', NULL, NULL, NULL, 1, 120, '2025-11-04 20:11:50.749+00'::timestamptz, NULL, '2025-11-04 20:11:47.437+00'::timestamptz, '2025-11-04 20:55:00+00'::timestamptz, NULL, NULL, NULL, 'cancelled', 'not_ready', NULL, '2025-11-06 15:28:16.57+00'::timestamptz, NULL, NULL, NULL, NULL, NULL, 13, 'client cancelled', NULL, '1276 Ben Phinney Rd, Margaretsville, NS, B0S 1N0', 13, 'Andrew Newton', NULL, '2025-10-09 00:31:52.009801+00'::timestamptz),
('K0000006', '2025-11-04 22:00:00+00'::timestamptz, '2025-11-04 21:35:00+00'::timestamptz, 'NuVista Psychedelic - Greenwood', '963 Central Ave, Greenwood, NS', NULL, 25, 'completed', NULL, 16, true, NULL, false, 19, NULL, '9l3gd0mtfma8n46q0hj8jrd8fg', false, false, false, false, '{}', NULL, NULL, 27884, 1, 120, '2025-11-03 01:27:35.839+00'::timestamptz, NULL, '2025-11-03 01:27:33.019+00'::timestamptz, '2025-11-05 00:25:00+00'::timestamptz, NULL, NULL, NULL, 'completed', 'not_ready', NULL, NULL, NULL, NULL, NULL, NULL, NULL, NULL, NULL, NULL, '35 Victoria St, Middleton, NS, B0S 1P0', 13, 'Andrew Newton', NULL, '2025-08-27 22:20:54.903495+00'::timestamptz),
('K0000003', '2025-11-05 13:30:00+00'::timestamptz, '2025-11-05 13:05:00+00'::timestamptz, 'NuVista Psychedelic - Greenwood', '963 Central Ave, Greenwood, NS', NULL, 25, 'assigned', NULL, 16, true, NULL, false, 11, NULL, 'iu7gjdh4jgicqh3vk62341nug8', false, false, true, false, '{}', NULL, NULL, NULL, 1, 120, '2025-11-05 03:46:38.827+00'::timestamptz, NULL, '2025-11-05 03:46:35.91+00'::timestamptz, '2025-11-05 15:55:00+00'::timestamptz, '2025-11-05 12:00:04.603+00'::timestamptz, NULL, NULL, 'cancelled', 'not_ready', NULL, '2025-11-05 12:07:35.648+00'::timestamptz, NULL, NULL, NULL, NULL, NULL, 13, 'no driver available', NULL, '31 Greenhouse Rd, Nictaux, NS, B0S 1P0', 13, 'Andrew Newton', NULL, '2025-10-17 23:47:10.757409+00'::timestamptz),
('K0000001', '2025-11-05 14:00:00+00'::timestamptz, '2025-11-05 13:40:00+00'::timestamptz, 'NuVista Psychedelic - Greenwood', '963 Central Ave, Greenwood, NS', NULL, 20, 'completed', NULL, 15, true, NULL, false, 16, NULL, '6jt7s0jupg29nbj5b1dmrljgmo', false, false, true, false, '{}', NULL, NULL, NULL, 1, 120, '2025-11-05 12:29:59.955+00'::timestamptz, NULL, '2025-11-05 12:29:57.288+00'::timestamptz, '2025-11-05 16:20:00+00'::timestamptz, '2025-11-05 12:35:04.261+00'::timestamptz, NULL, NULL, 'completed', 'not_ready', NULL, NULL, NULL, NULL, NULL, NULL, NULL, NULL, NULL, NULL, '19 Pinecrest Drive, Middleton, NS, B0S 1P0', 13, 'Andrew Newton', NULL, '2025-10-17 23:53:45.092093+00'::timestamptz),
('K0000002', '2025-11-05 17:00:00+00'::timestamptz, '2025-11-05 16:35:00+00'::timestamptz, 'NuVista Psychedelic - Greenwood', '963 Central Ave, Greenwood, NS B0P 1N0', NULL, 25, 'completed', NULL, 16, true, NULL, false, 16, NULL, 'v708n7kct9h2atromi0uqecf44', false, false, true, false, '{}', NULL, NULL, NULL, 1, 120, '2025-11-03 01:37:10.228+00'::timestamptz, NULL, '2025-11-03 01:37:07.383+00'::timestamptz, '2025-11-05 19:25:00+00'::timestamptz, '2025-11-05 15:30:04.46+00'::timestamptz, NULL, NULL, 'completed', 'not_ready', NULL, NULL, NULL, NULL, NULL, NULL, NULL, NULL, NULL, NULL, '14 Nictuax Falls Road, Middleton, NS, B0S 1P0', 13, 'Andrew Newton', NULL, '2025-11-03 01:29:52.804407+00'::timestamptz),
('K0000005', '2025-11-05 18:00:00+00'::timestamptz, '2025-11-05 17:30:00+00'::timestamptz, 'NuVista Psychedelic - Greenwood', '963 Central Ave, Greenwood, NS B0P 1N0', NULL, 30, 'completed', NULL, 9, true, NULL, false, 17, NULL, '5vqirq0su0csjdvp7tbachpsbg', false, false, true, false, '{}', NULL, NULL, NULL, 1, 120, '2025-11-05 14:19:58.886+00'::timestamptz, NULL, '2025-11-05 14:19:54.902+00'::timestamptz, '2025-11-05 20:30:00+00'::timestamptz, '2025-11-05 16:25:04.234+00'::timestamptz, NULL, NULL, 'completed', 'not_ready', NULL, NULL, NULL, NULL, NULL, NULL, NULL, NULL, NULL, NULL, '15028 Hwy 1, Wilmot, NS, B0P 1R0', 13, 'Andrew Newton', NULL, '2025-11-03 01:30:28.980498+00'::timestamptz),
('K0000007', '2025-11-07 17:45:00+00'::timestamptz, '2025-11-07 17:25:00+00'::timestamptz, 'NuVista Psychedelic - Greenwood', '963 Central Ave, Greenwood, NS B0P 1N0', '', 20, 'assigned', NULL, 11, true, NULL, false, 16, NULL, 'pobfv3l7ui7d7ai7fa87pb24ck', false, false, true, false, '{}', '', NULL, NULL, 1, 120, '2025-11-08 23:38:22.253+00'::timestamptz, NULL, '2025-11-03 01:41:22.436+00'::timestamptz, '2025-11-07 20:05:00+00'::timestamptz, '2025-11-07 16:20:04.214+00'::timestamptz, NULL, 'Shae', 'assigned', 'not_ready', NULL, NULL, NULL, NULL, NULL, NULL, NULL, NULL, NULL, NULL, '2203 Hwy 1, Auburn, NS, B0P 1A0', 31, 'Komal Gupta', NULL, '2025-11-03 01:31:59.9578+00'::timestamptz),
('K0000002', '2025-11-07 18:00:00+00'::timestamptz, '2025-11-07 17:35:00+00'::timestamptz, 'NuVista Psychedelic - Greenwood', '963 Central Ave, Greenwood, NS B0P 1N0', NULL, 25, 'confirmed', NULL, 16, true, NULL, false, 17, NULL, '2uq625jalvosl750730359sneg', false, false, false, false, '{}', NULL, NULL, NULL, 1, 120, '2025-11-03 01:40:03.514+00'::timestamptz, NULL, '2025-11-03 01:40:00.629+00'::timestamptz, '2025-11-07 20:25:00+00'::timestamptz, NULL, NULL, NULL, 'cancelled', 'not_ready', NULL, '2025-11-05 19:04:39.416+00'::timestamptz, NULL, NULL, NULL, NULL, NULL, 13, 'Client Cancelled', NULL, '14 Nictuax Falls Road, Middleton, NS, B0S 1P0', 13, 'Andrew Newton', NULL, '2025-11-03 01:32:26.085359+00'::timestamptz),
('K0000005', '2025-11-10 13:00:00+00'::timestamptz, '2025-11-10 12:45:00+00'::timestamptz, 'NuVista Psychedelic - Greenwood', '963 Central Ave, Greenwood, NS B0P 1N0', '', 15, 'assigned', NULL, NULL, true, NULL, false, 17, NULL, 'mpvf9igraadek7qh7r6a8r77ag', false, false, false, false, '{}', '9:00 AM appointment at NuVista Psychedelic - Greenwood', NULL, NULL, 1, 120, '2025-11-08 20:33:37.358+00'::timestamptz, NULL, NULL, '2025-11-10 15:15:00+00'::timestamptz, NULL, NULL, 'Ro', 'assigned', 'not_ready', NULL, NULL, NULL, NULL, NULL, NULL, NULL, NULL, NULL, NULL, '15028 Hwy 1, Wilmot, NS, B0P 1R0', 31, 'Komal Gupta', NULL, '2025-11-07 17:31:06.784519+00'::timestamptz),
('K0000011', '2025-11-10 14:00:00+00'::timestamptz, '2025-11-10 13:15:00+00'::timestamptz, 'NuVista Psychedelic - New Minas', '21 Roy Avenue Suite 230, New Minas, NS B4N 3R7', '', 45, 'assigned', NULL, NULL, true, NULL, false, 11, NULL, 's562t7v5mu77nk4rrc1jbtjsmc', false, false, false, false, '{}', '10:00 AM appointment at NuVista Psychedelic - New Minas', NULL, NULL, 2, 90, '2025-11-08 20:34:25.795+00'::timestamptz, NULL, NULL, '2025-11-10 16:15:00+00'::timestamptz, NULL, NULL, 'Andrew', 'assigned', 'not_ready', NULL, NULL, NULL, NULL, NULL, NULL, NULL, NULL, NULL, NULL, '1008 Mill Road, New Ross, NS, B0J 2M0', 31, 'Komal Gupta', NULL, '2025-11-07 16:51:07.353598+00'::timestamptz),
('K7807878', '2025-11-11 14:50:00+00'::timestamptz, '2025-11-11 14:30:00+00'::timestamptz, 'NuVista Psychedelic - Greenwood', '963 Central Ave, Greenwood, NS B0P 1N0', 'test notes?', 20, 'pending', NULL, NULL, true, NULL, false, NULL, NULL, NULL, false, false, false, false, '{}', 'driver notes?. 10:50 AM appointment at NuVista Psychedelic - Greenwood', NULL, NULL, 1, 120, NULL, NULL, NULL, '2025-11-11 17:10:00+00'::timestamptz, NULL, NULL, NULL, 'pending', 'not_ready', NULL, NULL, NULL, NULL, NULL, NULL, NULL, NULL, NULL, NULL, '349 Dodge Rd, Wilmot, NS, B0P 1W0', 23, 'booking agent test account', 'driver notes?', '2025-11-09 01:48:17.89559+00'::timestamptz),
('K0000003', '2025-11-12 13:00:00+00'::timestamptz, '2025-11-12 12:40:00+00'::timestamptz, 'NuVista Psychedelic - Greenwood', '963 Central Ave, Greenwood, NS', '', 20, 'assigned', NULL, 15, true, NULL, false, 11, NULL, 'nhk80g0i6mdi3p5f15vb4lsqe8', false, false, false, false, '{}', '', NULL, 26754, 1, 120, '2025-11-07 17:59:53.193+00'::timestamptz, NULL, '2025-10-23 15:50:29.703+00'::timestamptz, '2025-11-12 15:20:00+00'::timestamptz, NULL, NULL, 'Andrew', 'assigned', 'not_ready', NULL, NULL, NULL, NULL, NULL, NULL, NULL, NULL, NULL, NULL, '31 Greenhouse Rd, Nictaux, NS, B0S 1P0', 31, 'Komal Gupta', NULL, '2025-08-27 22:09:10.058568+00'::timestamptz),
('K0000001', '2025-11-12 14:15:00+00'::timestamptz, '2025-11-12 13:55:00+00'::timestamptz, 'NuVista Psychedelic - Greenwood', '963 Central Ave, Greenwood, NS B0P 1N0', '', 20, 'assigned', NULL, NULL, true, NULL, false, 11, NULL, '4k93pbo6vffmfr670v3fr2sr38', false, false, false, false, '{}', '10:15 AM appointment at NuVista Psychedelic - Greenwood', NULL, NULL, 1, 120, '2025-11-08 20:36:36.343+00'::timestamptz, NULL, NULL, '2025-11-12 16:35:00+00'::timestamptz, NULL, NULL, 'Andrew', 'assigned', 'not_ready', NULL, NULL, NULL, NULL, NULL, NULL, NULL, NULL, NULL, NULL, '19 Pinecrest Drive, Middleton, NS, B0S 1P0', 31, 'Komal Gupta', NULL, '2025-11-07 17:50:20.135169+00'::timestamptz),
('K0000002', '2025-11-12 17:30:00+00'::timestamptz, '2025-11-12 17:05:00+00'::timestamptz, 'NuVista Psychedelic - Greenwood', '963 Central Ave, Greenwood, NS B0P 1N0', '', 25, 'assigned', NULL, NULL, true, NULL, false, 17, NULL, 'a3mqsvt256cj1q2e94ruflde3g', false, false, false, false, '{}', '1:30 PM appointment at NuVista Psychedelic - Greenwood', NULL, NULL, 1, 120, '2025-11-08 20:37:09.655+00'::timestamptz, NULL, NULL, '2025-11-12 19:55:00+00'::timestamptz, NULL, NULL, 'Ro', 'assigned', 'not_ready', NULL, NULL, NULL, NULL, NULL, NULL, NULL, NULL, NULL, NULL, '14 Nictuax Falls Road, Middleton, NS, B0S 1P0', 31, 'Komal Gupta', NULL, '2025-11-07 17:41:54.965994+00'::timestamptz),
('K0000008', '2025-11-12 21:00:00+00'::timestamptz, '2025-11-12 20:35:00+00'::timestamptz, 'NuVista Psychedelic - Greenwood', '963 Central Ave, Greenwood, NS B0P 1N0', '', 25, 'assigned', NULL, NULL, true, NULL, false, 16, NULL, 'gotda0qb9fdqfj51s93al14r1k', false, false, false, false, '{}', '5:00 PM appointment at NuVista Psychedelic - Greenwood', NULL, NULL, 1, 120, '2025-11-08 20:37:59.732+00'::timestamptz, NULL, NULL, '2025-11-12 23:25:00+00'::timestamptz, NULL, NULL, 'Shae', 'assigned', 'not_ready', NULL, NULL, NULL, NULL, NULL, NULL, NULL, NULL, NULL, NULL, '1276 Ben Phinney Rd, Margaretsville, NS, B0S 1N0', 31, 'Komal Gupta', NULL, '2025-11-07 17:45:25.110289+00'::timestamptz),
('K0000006', '2025-11-13 22:30:00+00'::timestamptz, '2025-11-13 22:05:00+00'::timestamptz, 'NuVista Psychedelic - Greenwood', '963 Central Ave, Greenwood, NS B0P 1N0', '', 25, 'assigned', NULL, NULL, true, NULL, false, 16, NULL, 'd6lm7g8do6btbm5t9bd47k34cs', false, false, false, false, '{}', '6:30 PM appointment at NuVista Psychedelic - Greenwood', NULL, NULL, 1, 120, '2025-11-08 20:38:53.808+00'::timestamptz, NULL, NULL, '2025-11-14 00:55:00+00'::timestamptz, NULL, NULL, 'Shae', 'assigned', 'not_ready', NULL, NULL, NULL, NULL, NULL, NULL, NULL, NULL, NULL, NULL, '35 Victoria St, Middleton, NS, B0S 1P0', 31, 'Komal Gupta', NULL, '2025-11-07 17:49:11.378543+00'::timestamptz),
('K0000009', '2025-11-14 13:30:00+00'::timestamptz, '2025-11-14 13:20:00+00'::timestamptz, 'NuVista Psychedelic - Greenwood', '963 Central Ave, Greenwood, NS B0P 1N0', '', 10, 'assigned', NULL, NULL, true, NULL, false, 16, NULL, 'ncg06d952c30jlklbic8sgb0ss', false, false, false, false, '{}', '9:30 AM appointment at NuVista Psychedelic - Greenwood', NULL, NULL, 1, 90, '2025-11-08 20:44:16.386+00'::timestamptz, NULL, NULL, '2025-11-14 15:10:00+00'::timestamptz, NULL, NULL, 'Shae', 'assigned', 'not_ready', NULL, NULL, NULL, NULL, NULL, NULL, NULL, NULL, NULL, NULL, '1662 Hwy 201, South Greenwood, NS, B0P 1R0', 31, 'Komal Gupta', NULL, '2025-11-07 17:32:13.923531+00'::timestamptz),
('K0000001', '2025-11-14 14:15:00+00'::timestamptz, '2025-11-14 13:55:00+00'::timestamptz, 'NuVista Psychedelic - Greenwood', '963 Central Ave, Greenwood, NS B0P 1N0', '', 20, 'assigned', NULL, 15, true, NULL, false, 16, NULL, 'bh1m3oeq18g4m8o2o963o69424', false, false, false, false, '{}', '10:15 AM appointment at NuVista Psychedelic - Greenwood', NULL, NULL, 1, 120, '2025-11-08 20:44:35.464+00'::timestamptz, NULL, '2025-10-17 23:53:44.864+00'::timestamptz, '2025-11-14 16:35:00+00'::timestamptz, NULL, NULL, 'Shae', 'assigned', 'not_ready', NULL, NULL, NULL, NULL, NULL, NULL, NULL, NULL, NULL, NULL, '19 Pinecrest Drive, Middleton, NS, B0S 1P0', 31, 'Komal Gupta', NULL, '2025-10-17 23:53:45.092093+00'::timestamptz),
('K0000007', '2025-11-14 15:00:00+00'::timestamptz, '2025-11-14 14:40:00+00'::timestamptz, 'NuVista Psychedelic - Greenwood', '963 Central Ave, Greenwood, NS B0P 1N0', '', 20, 'assigned', NULL, 11, true, NULL, false, 16, NULL, '2o4m4b8grebdj1v8igk3spgaeg', false, false, false, false, '{}', '1:00 PM appointment at NuVista Psychedelic - Greenwood', NULL, NULL, 1, 120, '2025-11-07 18:47:12.986+00'::timestamptz, NULL, NULL, '2025-11-14 17:20:00+00'::timestamptz, NULL, NULL, 'Shae', 'assigned', 'not_ready', NULL, NULL, NULL, NULL, NULL, NULL, NULL, NULL, NULL, NULL, '2203 Hwy 1, Auburn, NS, B0P 1A0', 31, 'Komal Gupta', NULL, '2025-09-05 17:48:39.064661+00'::timestamptz),
('K0000002', '2025-11-14 18:00:00+00'::timestamptz, '2025-11-14 17:35:00+00'::timestamptz, 'NuVista Psychedelic - Greenwood', '963 Central Ave, Greenwood, NS B0P 1N0', '', 25, 'assigned', NULL, NULL, true, NULL, false, 17, NULL, 'v9qm84qsfedbdf51d30kvmbss0', false, false, false, false, '{}', '2:00 PM appointment at NuVista Psychedelic - Greenwood', NULL, NULL, 1, 120, '2025-11-08 20:48:23.041+00'::timestamptz, NULL, NULL, '2025-11-14 20:25:00+00'::timestamptz, NULL, NULL, 'Ro', 'assigned', 'not_ready', NULL, NULL, NULL, NULL, NULL, NULL, NULL, NULL, NULL, NULL, '14 Nictuax Falls Road, Middleton, NS, B0S 1P0', 31, 'Komal Gupta', NULL, '2025-11-07 17:41:54.965994+00'::timestamptz),
('K0000005', '2025-11-17 13:00:00+00'::timestamptz, '2025-11-17 12:45:00+00'::timestamptz, 'NuVista Psychedelic - Greenwood', '963 Central Ave, Greenwood, NS B0P 1N0', '', 15, 'pending', NULL, NULL, true, NULL, false, NULL, NULL, NULL, false, false, false, false, '{}', '9:00 AM appointment at NuVista Psychedelic - Greenwood', NULL, NULL, 1, 120, NULL, NULL, NULL, '2025-11-17 15:15:00+00'::timestamptz, NULL, NULL, NULL, 'pending', 'not_ready', NULL, NULL, NULL, NULL, NULL, NULL, NULL, NULL, NULL, NULL, '15028 Hwy 1, Wilmot, NS, B0P 1R0', 31, 'Komal Gupta', NULL, '2025-11-07 17:31:06.784519+00'::timestamptz),
('K0000011', '2025-11-17 14:00:00+00'::timestamptz, '2025-11-17 13:15:00+00'::timestamptz, 'NuVista Psychedelic - New Minas', '21 Roy Avenue Suite 230, New Minas, NS B4N 3R7', '', 45, 'pending', NULL, NULL, true, NULL, false, NULL, NULL, NULL, false, false, false, false, '{}', '10:00 AM appointment at NuVista Psychedelic - New Minas', NULL, NULL, 2, 90, NULL, NULL, NULL, '2025-11-17 16:15:00+00'::timestamptz, NULL, NULL, NULL, 'pending', 'not_ready', NULL, NULL, NULL, NULL, NULL, NULL, NULL, NULL, NULL, NULL, '1008 Mill Road, New Ross, NS, B0J 2M0', 31, 'Komal Gupta', NULL, '2025-11-07 17:06:26.828957+00'::timestamptz),
('K0000004', '2025-11-17 17:30:00+00'::timestamptz, '2025-11-17 16:55:00+00'::timestamptz, 'NuVista Psychedelic - Greenwood', '963 Central Ave, Greenwood, NS B0P 1N0', '', 35, 'assigned', NULL, NULL, true, NULL, false, 17, NULL, '7jar1q07klfmnmbrl9mhhp73rc', false, false, false, false, '{}', '1:30 PM appointment at NuVista Psychedelic - Greenwood', NULL, NULL, 1, 120, '2025-11-08 20:50:57.651+00'::timestamptz, NULL, NULL, '2025-11-17 20:05:00+00'::timestamptz, NULL, NULL, 'Ro', 'assigned', 'not_ready', NULL, NULL, NULL, NULL, NULL, NULL, NULL, NULL, NULL, NULL, '4330 Hwy 201, Bridgetown, NS, B0S 1C0', 31, 'Komal Gupta', NULL, '2025-11-07 17:36:01.349045+00'::timestamptz),
('K0000008', '2025-11-18 17:30:00+00'::timestamptz, '2025-11-18 17:05:00+00'::timestamptz, 'NuVista Psychedelic - Greenwood', '963 Central Ave, Greenwood, NS B0P 1N0', NULL, 25, 'pending', NULL, 18, true, NULL, false, NULL, NULL, NULL, false, false, false, false, '{}', '1:30 PM appointment at NuVista Psychedelic - Greenwood', NULL, NULL, 1, 120, NULL, NULL, '2025-10-09 00:31:51.77+00'::timestamptz, '2025-11-18 19:55:00+00'::timestamptz, NULL, NULL, NULL, 'pending', 'not_ready', NULL, NULL, NULL, NULL, NULL, NULL, NULL, NULL, NULL, NULL, '1276 Ben Phinney Rd, Margaretsville, NS, B0S 1N0', 31, 'Komal Gupta', NULL, '2025-10-09 00:31:52.009801+00'::timestamptz),
('K0000006', '2025-11-18 21:30:00+00'::timestamptz, '2025-11-18 21:05:00+00'::timestamptz, 'NuVista Psychedelic - Greenwood', '963 Central Ave, Greenwood, NS B0P 1N0', '', 25, 'pending', NULL, NULL, true, NULL, false, NULL, NULL, NULL, false, false, false, false, '{}', '5:30 PM appointment at NuVista Psychedelic - Greenwood', NULL, NULL, 1, 120, NULL, NULL, NULL, '2025-11-18 23:55:00+00'::timestamptz, NULL, NULL, NULL, 'pending', 'not_ready', NULL, NULL, NULL, NULL, NULL, NULL, NULL, NULL, NULL, NULL, '35 Victoria St, Middleton, NS, B0S 1P0', 31, 'Komal Gupta', NULL, '2025-11-07 17:49:11.378543+00'::timestamptz),
('K0000003', '2025-11-19 13:00:00+00'::timestamptz, '2025-11-19 12:35:00+00'::timestamptz, 'NuVista Psychedelic - Greenwood', '963 Central Ave, Greenwood, NS B0P 1N0', '', 25, 'pending', NULL, 16, true, NULL, false, NULL, NULL, NULL, false, false, false, false, '{}', '9:00 AM appointment at NuVista Psychedelic - Greenwood', NULL, NULL, 1, 120, NULL, NULL, '2025-10-17 23:47:10.521+00'::timestamptz, '2025-11-19 15:25:00+00'::timestamptz, NULL, NULL, NULL, 'pending', 'not_ready', NULL, NULL, NULL, NULL, NULL, NULL, NULL, NULL, NULL, NULL, '31 Greenhouse Rd, Nictaux, NS, B0S 1P0', 31, 'Komal Gupta', NULL, '2025-10-17 23:47:10.757409+00'::timestamptz),
('K0000002', '2025-11-19 17:00:00+00'::timestamptz, '2025-11-19 16:35:00+00'::timestamptz, 'NuVista Psychedelic - Greenwood', '963 Central Ave, Greenwood, NS B0P 1N0', '', 25, 'pending', NULL, NULL, true, NULL, false, NULL, NULL, NULL, false, false, false, false, '{}', '1:00 PM appointment at NuVista Psychedelic - Greenwood', NULL, NULL, 1, 120, NULL, NULL, NULL, '2025-11-19 19:25:00+00'::timestamptz, NULL, NULL, NULL, 'pending', 'not_ready', NULL, NULL, NULL, NULL, NULL, NULL, NULL, NULL, NULL, NULL, '14 Nictuax Falls Road, Middleton, NS, B0S 1P0', 31, 'Komal Gupta', NULL, '2025-11-07 17:41:54.965994+00'::timestamptz),
('K0000007', '2025-11-20 17:00:00+00'::timestamptz, '2025-11-20 16:30:00+00'::timestamptz, 'NuVista Psychedelic - Greenwood', '963 Central Ave, Greenwood, NS B0P 1N0', '', 30, 'pending', NULL, NULL, true, NULL, false, NULL, NULL, NULL, false, false, false, false, '{}', '', NULL, NULL, 1, 120, NULL, NULL, NULL, '2025-11-20 19:30:00+00'::timestamptz, NULL, NULL, NULL, 'pending', 'not_ready', NULL, NULL, NULL, NULL, NULL, NULL, NULL, NULL, NULL, NULL, '2203 Hwy 1, Auburn, NS, B0P 1A0', 31, 'Komal Gupta', NULL, '2025-11-07 17:54:21.077686+00'::timestamptz),
('K0000002', '2025-11-21 17:00:00+00'::timestamptz, '2025-11-21 16:30:00+00'::timestamptz, 'NuVista Psychedelic - Greenwood', '963 Central Ave, Greenwood, NS B0P 1N0', '', 30, 'pending', NULL, NULL, true, NULL, false, NULL, NULL, NULL, false, false, false, false, '{}', '', NULL, NULL, 1, 120, NULL, NULL, NULL, '2025-11-21 19:30:00+00'::timestamptz, NULL, NULL, NULL, 'pending', 'not_ready', NULL, NULL, NULL, NULL, NULL, NULL, NULL, NULL, NULL, NULL, '14 Nictuax Falls Road, Middleton, NS, B0S 1P0', 31, 'Komal Gupta', NULL, '2025-11-07 17:41:54.965994+00'::timestamptz),
('K0000005', '2025-11-24 13:00:00+00'::timestamptz, '2025-11-24 12:30:00+00'::timestamptz, 'NuVista Psychedelic - Greenwood', '963 Central Ave, Greenwood, NS B0P 1N0', '', 30, 'pending', NULL, NULL, true, NULL, false, NULL, NULL, NULL, false, false, false, false, '{}', '', NULL, NULL, 1, 120, NULL, NULL, NULL, '2025-11-24 15:30:00+00'::timestamptz, NULL, NULL, NULL, 'pending', 'not_ready', NULL, NULL, NULL, NULL, NULL, NULL, NULL, NULL, NULL, NULL, '15028 Hwy 1, Wilmot, NS, B0P 1R0', 31, 'Komal Gupta', NULL, '2025-11-07 17:31:06.784519+00'::timestamptz),
('K0000011', '2025-11-24 14:00:00+00'::timestamptz, '2025-11-24 13:15:00+00'::timestamptz, 'NuVista Psychedelic - New Minas', '21 Roy Avenue Suite 230, New Minas, NS', '', 45, 'pending', NULL, NULL, true, NULL, false, NULL, NULL, NULL, false, false, false, false, '{}', '10:00 AM appointment at NuVista Psychedelic - New Minas', NULL, NULL, 2, 90, NULL, NULL, NULL, '2025-11-24 16:15:00+00'::timestamptz, NULL, NULL, NULL, 'pending', 'not_ready', NULL, NULL, NULL, NULL, NULL, NULL, NULL, NULL, NULL, NULL, '1008 Mill Road, New Ross, NS, B0J 2M0', 31, 'Komal Gupta', NULL, '2025-11-07 17:07:42.90705+00'::timestamptz),
('K0000003', '2025-11-26 13:00:00+00'::timestamptz, '2025-11-26 12:40:00+00'::timestamptz, 'NuVista Psychedelic - Greenwood', '963 Central Ave, Greenwood, NS', NULL, 20, 'pending', NULL, 15, true, NULL, false, NULL, NULL, NULL, false, false, false, false, '{}', NULL, NULL, 26754, 1, 120, NULL, NULL, '2025-10-23 15:51:06.81+00'::timestamptz, '2025-11-26 15:20:00+00'::timestamptz, NULL, NULL, NULL, 'pending', 'not_ready', NULL, NULL, NULL, NULL, NULL, NULL, NULL, NULL, NULL, NULL, '31 Greenhouse Rd, Nictaux, NS, B0S 1P0', 31, 'Komal Gupta', NULL, '2025-08-27 22:09:10.058568+00'::timestamptz),
('K0000007', '2025-11-28 15:00:00+00'::timestamptz, '2025-11-28 14:40:00+00'::timestamptz, 'NuVista Psychedelic - Greenwood', '963 Central Ave, Greenwood, NS B0P 1N0', NULL, 20, 'pending', NULL, 11, true, NULL, false, NULL, NULL, NULL, false, false, false, false, '{}', '1:00 PM appointment at NuVista Psychedelic - Greenwood', NULL, NULL, 1, 120, NULL, NULL, NULL, '2025-11-28 17:20:00+00'::timestamptz, NULL, NULL, NULL, 'pending', 'not_ready', NULL, NULL, NULL, NULL, NULL, NULL, NULL, NULL, NULL, NULL, '2203 Hwy 1, Auburn, NS, B0P 1A0', 31, 'Komal Gupta', NULL, '2025-09-05 17:48:39.064661+00'::timestamptz),
('K0000011', '2025-12-01 14:00:00+00'::timestamptz, '2025-12-01 13:30:00+00'::timestamptz, 'NuVista Psychedelic - New Minas', '21 Roy Avenue Suite 230, New Minas, NS B4N 3R7', '', 30, 'pending', NULL, NULL, true, NULL, false, NULL, NULL, NULL, false, false, false, false, '{}', '', NULL, NULL, 2, 90, NULL, NULL, NULL, '2025-12-01 16:00:00+00'::timestamptz, NULL, NULL, NULL, 'pending', 'not_ready', NULL, NULL, NULL, NULL, NULL, NULL, NULL, NULL, NULL, NULL, '1008 Mill Road, New Ross, NS, B0J 2M0', 31, 'Komal Gupta', NULL, '2025-11-07 17:08:39.660103+00'::timestamptz),
('K0000004', '2025-12-01 17:30:00+00'::timestamptz, '2025-12-01 17:00:00+00'::timestamptz, 'NuVista Psychedelic - Greenwood', '963 Central Ave, Greenwood, NS B0P 1N0', '', 30, 'pending', NULL, NULL, true, NULL, false, NULL, NULL, NULL, false, false, false, false, '{}', '', NULL, NULL, 1, 120, NULL, NULL, NULL, '2025-12-01 20:00:00+00'::timestamptz, NULL, NULL, NULL, 'pending', 'not_ready', NULL, NULL, NULL, NULL, NULL, NULL, NULL, NULL, NULL, NULL, '4330 Hwy 201, Bridgetown, NS, B0S 1C0', 31, 'Komal Gupta', NULL, '2025-11-07 17:36:01.349045+00'::timestamptz),
('K0000008', '2025-12-02 18:00:00+00'::timestamptz, '2025-12-02 17:35:00+00'::timestamptz, 'NuVista Psychedelic - Greenwood', '963 Central Ave, Greenwood, NS B0P 1N0', NULL, 25, 'pending', NULL, 18, true, NULL, false, NULL, NULL, NULL, false, false, false, false, '{}', '2:00 PM appointment at NuVista Psychedelic - Greenwood', NULL, NULL, 1, 120, NULL, NULL, '2025-10-09 00:31:51.771+00'::timestamptz, '2025-12-02 20:25:00+00'::timestamptz, NULL, NULL, NULL, 'pending', 'not_ready', NULL, NULL, NULL, NULL, NULL, NULL, NULL, NULL, NULL, NULL, '1276 Ben Phinney Rd, Margaretsville, NS, B0S 1N0', 31, 'Komal Gupta', NULL, '2025-10-09 00:31:52.009801+00'::timestamptz),
('K0000006', '2025-12-02 20:30:00+00'::timestamptz, '2025-12-02 20:05:00+00'::timestamptz, 'NuVista Psychedelic - Greenwood', '963 Central Ave, Greenwood, NS B0P 1N0', NULL, 25, 'pending', NULL, 16, true, NULL, false, NULL, NULL, NULL, false, false, false, false, '{}', NULL, NULL, 27884, 1, 120, NULL, NULL, NULL, '2025-12-02 22:55:00+00'::timestamptz, NULL, NULL, NULL, 'pending', 'not_ready', NULL, NULL, NULL, NULL, NULL, NULL, NULL, NULL, NULL, NULL, '35 Victoria St, Middleton, NS, B0S 1P0', 31, 'Komal Gupta', NULL, '2025-08-27 22:20:54.903495+00'::timestamptz),
('K0000007', '2025-12-05 17:00:00+00'::timestamptz, '2025-12-05 16:30:00+00'::timestamptz, 'NuVista Psychedelic - Greenwood', '963 Central Ave, Greenwood, NS B0P 1N0', '', 30, 'pending', NULL, NULL, true, NULL, false, NULL, NULL, NULL, false, false, false, false, '{}', '', NULL, NULL, 1, 120, NULL, NULL, NULL, '2025-12-05 19:30:00+00'::timestamptz, NULL, NULL, NULL, 'pending', 'not_ready', NULL, NULL, NULL, NULL, NULL, NULL, NULL, NULL, NULL, NULL, '2203 Hwy 1, Auburn, NS, B0P 1A0', 31, 'Komal Gupta', NULL, '2025-11-07 17:54:21.077686+00'::timestamptz),
('K0000011', '2025-12-08 14:00:00+00'::timestamptz, '2025-12-08 13:30:00+00'::timestamptz, 'NuVista Psychedelic - New Minas', '21 Roy Avenue Suite 230, New Minas, NS B4N 3R7', '', 30, 'pending', NULL, NULL, true, NULL, false, NULL, NULL, NULL, false, false, false, false, '{}', '', NULL, NULL, 2, 90, NULL, NULL, NULL, '2025-12-08 16:00:00+00'::timestamptz, NULL, NULL, NULL, 'pending', 'not_ready', NULL, NULL, NULL, NULL, NULL, NULL, NULL, NULL, NULL, NULL, '1008 Mill Road, New Ross, NS, B0J 2M0', 31, 'Komal Gupta', NULL, '2025-11-07 17:15:20.257424+00'::timestamptz),
('K0000007', '2025-12-12 17:00:00+00'::timestamptz, '2025-12-12 16:40:00+00'::timestamptz, 'NuVista Psychedelic - Greenwood', '963 Central Ave, Greenwood, NS B0P 1N0', NULL, 20, 'pending', NULL, 11, true, NULL, false, NULL, NULL, NULL, false, false, false, false, '{}', '5:00 PM appointment at NuVista Psychedelic - Greenwood', NULL, NULL, 1, 120, NULL, NULL, NULL, '2025-12-12 19:20:00+00'::timestamptz, NULL, NULL, NULL, 'pending', 'not_ready', NULL, NULL, NULL, NULL, NULL, NULL, NULL, NULL, NULL, NULL, '2203 Hwy 1, Auburn, NS, B0P 1A0', 31, 'Komal Gupta', NULL, '2025-09-09 22:53:45.747562+00'::timestamptz),
('K0000004', '2025-12-15 17:30:00+00'::timestamptz, '2025-12-15 17:00:00+00'::timestamptz, 'NuVista Psychedelic - Greenwood', '963 Central Ave, Greenwood, NS B0P 1N0', '', 30, 'pending', NULL, NULL, true, NULL, false, NULL, NULL, NULL, false, false, false, false, '{}', '', NULL, NULL, 1, 120, NULL, NULL, NULL, '2025-12-15 20:00:00+00'::timestamptz, NULL, NULL, NULL, 'pending', 'not_ready', NULL, NULL, NULL, NULL, NULL, NULL, NULL, NULL, NULL, NULL, '4330 Hwy 201, Bridgetown, NS, B0S 1C0', 31, 'Komal Gupta', NULL, '2025-11-07 17:36:01.349045+00'::timestamptz),
('K0000008', '2025-12-16 18:00:00+00'::timestamptz, '2025-12-16 17:35:00+00'::timestamptz, 'NuVista Psychedelic - Greenwood', '963 Central Ave, Greenwood, NS B0P 1N0', NULL, 25, 'pending', NULL, 18, true, NULL, false, NULL, NULL, NULL, false, false, false, false, '{}', '2:00 PM appointment at NuVista Psychedelic - Greenwood', NULL, NULL, 1, 120, NULL, NULL, '2025-10-09 00:31:51.773+00'::timestamptz, '2025-12-16 20:25:00+00'::timestamptz, NULL, NULL, NULL, 'pending', 'not_ready', NULL, NULL, NULL, NULL, NULL, NULL, NULL, NULL, NULL, NULL, '1276 Ben Phinney Rd, Margaretsville, NS, B0S 1N0', 31, 'Komal Gupta', NULL, '2025-10-09 00:31:52.009801+00'::timestamptz),
('K0000007', '2025-12-19 17:30:00+00'::timestamptz, '2025-12-19 17:00:00+00'::timestamptz, 'NuVista Psychedelic - Greenwood', '963 Central Ave, Greenwood, NS B0P 1N0', '', 30, 'pending', NULL, NULL, true, NULL, false, NULL, NULL, NULL, false, false, false, false, '{}', '', NULL, NULL, 1, 120, NULL, NULL, NULL, '2025-12-19 20:00:00+00'::timestamptz, NULL, NULL, NULL, 'pending', 'not_ready', NULL, NULL, NULL, NULL, NULL, NULL, NULL, NULL, NULL, NULL, '2203 Hwy 1, Auburn, NS, B0P 1A0', 31, 'Komal Gupta', NULL, '2025-11-07 17:54:21.077686+00'::timestamptz),
('K0000007', '2025-12-26 17:00:00+00'::timestamptz, '2025-12-26 16:40:00+00'::timestamptz, 'NuVista Psychedelic - Greenwood', '963 Central Ave, Greenwood, NS B0P 1N0', NULL, 20, 'pending', NULL, 11, true, NULL, false, NULL, NULL, NULL, false, false, false, false, '{}', '5:00 PM appointment at NuVista Psychedelic - Greenwood', NULL, NULL, 1, 120, NULL, NULL, NULL, '2025-12-26 19:20:00+00'::timestamptz, NULL, NULL, NULL, 'pending', 'not_ready', NULL, NULL, NULL, NULL, NULL, NULL, NULL, NULL, NULL, NULL, '2203 Hwy 1, Auburn, NS, B0P 1A0', 31, 'Komal Gupta', NULL, '2025-09-09 22:53:45.747562+00'::timestamptz),
('K0000004', '2025-12-29 17:00:00+00'::timestamptz, '2025-12-29 16:30:00+00'::timestamptz, 'NuVista Psychedelic - Greenwood', '963 Central Ave, Greenwood, NS B0P 1N0', '', 30, 'pending', NULL, NULL, true, NULL, false, NULL, NULL, NULL, false, false, false, false, '{}', '', NULL, NULL, 1, 120, NULL, NULL, NULL, '2025-12-29 19:30:00+00'::timestamptz, NULL, NULL, NULL, 'pending', 'not_ready', NULL, NULL, NULL, NULL, NULL, NULL, NULL, NULL, NULL, NULL, '4330 Hwy 201, Bridgetown, NS, B0S 1C0', 31, 'Komal Gupta', NULL, '2025-11-07 17:36:01.349045+00'::timestamptz),
('K0000004', '2026-01-05 17:00:00+00'::timestamptz, '2026-01-05 16:30:00+00'::timestamptz, 'NuVista Psychedelic - Greenwood', '963 Central Ave, Greenwood, NS B0P 1N0', '', 30, 'pending', NULL, NULL, true, NULL, false, NULL, NULL, NULL, false, false, false, false, '{}', '', NULL, NULL, 1, 120, NULL, NULL, NULL, '2026-01-05 19:30:00+00'::timestamptz, NULL, NULL, NULL, 'pending', 'not_ready', NULL, NULL, NULL, NULL, NULL, NULL, NULL, NULL, NULL, NULL, '4330 Hwy 201, Bridgetown, NS, B0S 1C0', 31, 'Komal Gupta', NULL, '2025-11-07 17:36:01.349045+00'::timestamptz);